Threads,KernelSize,Time,Speedup
1,3,0.325454,1.01
2,3,0.185286,1.78
4,3,0.092056,3.58
8,3,0.101507,3.25
1,31,18.689234,.01
2,31,9.619481,.03
4,31,4.990175,.06
8,31,4.893573,.06
