KernelSize,Time
3,0.130968
5,
7,
11,
15,
21,
31,4.877520
