Thread,Time
1,0.334016
2,0.344676
4,0.326622
8,0.338368
