Threads,Time
1,0.378829
2,0.185092
4,0.114176
8,0.096516
