Threads,Time,Speedup
1,0.316072,1.00
2,0.167227,1.89
4,0.121191,2.60
8,0.116188,2.72
