Threads,Time,Speedup
1,19.486026,1.00
2,9.766558,1.99
4,4.960081,3.92
8,4.825896,4.03
